Course,Widget Name,Typography,Color System,Container Depth,Mobile Readiness,Accessibility,Technology Stack,File Path
Acounting,ACC - M3 Financial Statements - Build an Income Statement Activity 1 - Income Statement Builder.html,Inter,Legacy Ivey Brand,Heavy Shadows & Gradients,Mobile Ready (@media),A11y Partial (Keyboard only),Vanilla HTML/JS,Course Widgets/Acounting/ACC - M3 Financial Statements - Build an Income Statement Activity 1 - Income Statement Builder.html
Acounting,ACC - M3 Financial Statements - Build an Income Statement Activity 2 - Advanced Income Statement Challenge.html,Inter,Legacy Ivey Brand,Heavy Shadows & Gradients,Mobile Ready (@media),A11y Partial (Keyboard only),Vanilla HTML/JS,Course Widgets/Acounting/ACC - M3 Financial Statements - Build an Income Statement Activity 2 - Advanced Income Statement Challenge.html
Acounting,ACC - M3 Financial Statements - Expense Classification Activity.html,Inter,Legacy Ivey Brand,Heavy Shadows & Gradients,Mobile Ready (@media),A11y Partial (Keyboard only),D3.js Visualization,Course Widgets/Acounting/ACC - M3 Financial Statements - Expense Classification Activity.html
Acounting,ACC - M3 Financial Statements - Financial Statements - Final Challenge.html,Inter,Legacy Ivey Brand,Heavy Shadows & Gradients,Mobile Ready (@media),A11y Partial (Keyboard only),Vanilla HTML/JS,Course Widgets/Acounting/ACC - M3 Financial Statements - Financial Statements - Final Challenge.html
Acounting,ACC - M4 Ratio Analysis - Building Luna's Balance Sheet.html,System UI,Legacy Ivey Brand,Heavy Shadows & Gradients,Mobile Ready (@media),A11y Partial (Keyboard only),Vanilla HTML/JS,Course Widgets/Acounting/ACC - M4 Ratio Analysis - Building Luna's Balance Sheet.html
Acounting,ACC - M4 Ratio Analysis - Financial Ratio Comparison Project - Instructions.html,Inter,Legacy Ivey Brand,Heavy Shadows & Gradients,Mobile Ready (@media),A11y Partial (Keyboard only),Vanilla HTML/JS,Course Widgets/Acounting/ACC - M4 Ratio Analysis - Financial Ratio Comparison Project - Instructions.html
Acounting,ACC - M4 Ratio Analysis - What Are Financial Ratios.html,Inter,Legacy Ivey Brand,Heavy Shadows & Gradients,Mobile Ready (@media),A11y Partial (Keyboard only),Vanilla HTML/JS,Course Widgets/Acounting/ACC - M4 Ratio Analysis - What Are Financial Ratios.html
Acounting,ACC - M5 Understanding Managerial Accounting - Caribbean Internet Cafe - V2.html,Inter,Legacy Ivey Brand,Heavy Shadows & Gradients,Mobile Ready (@media),A11y Partial (Keyboard only),Vanilla HTML/JS,Course Widgets/Acounting/ACC - M5 Understanding Managerial Accounting - Caribbean Internet Cafe - V2.html
Acounting,ACC - M5 Understanding Managerial Accounting - Caribbean Internet Cafe - V3.html,Inter,Legacy Ivey Brand,Heavy Shadows & Gradients,Mobile Ready (@media),A11y Partial (Keyboard only),Vanilla HTML/JS,Course Widgets/Acounting/ACC - M5 Understanding Managerial Accounting - Caribbean Internet Cafe - V3.html
Acounting,ACC - M5 Understanding Managerial Accounting - Caribbean Internet Cafe.html,Inter,Legacy Ivey Brand,Heavy Shadows & Gradients,Mobile Ready (@media),A11y Partial (Keyboard only),Vanilla HTML/JS,Course Widgets/Acounting/ACC - M5 Understanding Managerial Accounting - Caribbean Internet Cafe.html
Acounting,ACC - M5 Understanding Managerial Accounting - Cost Classification Matching Activity - V2.html,Inter,Legacy Ivey Brand,Heavy Shadows & Gradients,Mobile Ready (@media),A11y Partial (Keyboard only),Vanilla HTML/JS,Course Widgets/Acounting/ACC - M5 Understanding Managerial Accounting - Cost Classification Matching Activity - V2.html
Acounting,ACC - M5 Understanding Managerial Accounting - Cost Classification Matching Activity.html,Inter,Legacy Ivey Brand,Heavy Shadows & Gradients,Mobile Ready (@media),A11y Partial (Keyboard only),Vanilla HTML/JS,Course Widgets/Acounting/ACC - M5 Understanding Managerial Accounting - Cost Classification Matching Activity.html
Acounting,ACC - M5 Understanding Managerial Accounting - Sailing Voyages Case Solution.html,Inter,Legacy Ivey Brand,Heavy Shadows & Gradients,Mobile Ready (@media),A11y Partial (Keyboard only),Vanilla HTML/JS,Course Widgets/Acounting/ACC - M5 Understanding Managerial Accounting - Sailing Voyages Case Solution.html
Business of Sports Marketing,cfl-project-tie-in.html,Geist,Pastel Tints,Flat (No shadows),Mobile Ready (@media),A11y Partial (Keyboard only),Vanilla HTML/JS,Course Widgets/Business of Sports Marketing/cfl-project-tie-in.html
Business of Sports Marketing,future-trends-predictor.html,Geist,Neutral / Minimal,Flat (No shadows),Mobile Ready (@media),A11y Partial (Keyboard only),Vanilla HTML/JS,Course Widgets/Business of Sports Marketing/future-trends-predictor.html
Business of Sports Marketing,heritage-strategy-pre-assessment.html,Geist,Pastel Tints,Flat (No shadows),Mobile Ready (@media),A11y Warning,Vanilla HTML/JS,Course Widgets/Business of Sports Marketing/heritage-strategy-pre-assessment.html
Business of Sports Marketing,heritage-transformation-strategist.html,Geist,Pastel Tints,Flat (No shadows),Mobile Ready (@media),A11y Partial (Keyboard only),Vanilla HTML/JS,Course Widgets/Business of Sports Marketing/heritage-transformation-strategist.html
Business of Sports Marketing,learning-outcomes-week.html,Geist,Pastel Tints,Light Drop Shadows,Mobile Ready (@media),A11y Partial (Keyboard only),Vanilla HTML/JS,Course Widgets/Business of Sports Marketing/learning-outcomes-week.html
Business of Sports Marketing,legacy-innovation-matrix.html,Geist,Pastel Tints,Flat (No shadows),Mobile Ready (@media),A11y Partial (Keyboard only),Vanilla HTML/JS,Course Widgets/Business of Sports Marketing/legacy-innovation-matrix.html
Business of Sports Marketing,week5-concept-map.html,Geist,Pastel Tints,Flat (No shadows),Mobile Ready (@media),A11y Partial (Keyboard only),D3.js Visualization,Course Widgets/Business of Sports Marketing/week5-concept-map.html
Finance,11_quiz_financial_statements.html,Inter,Pastel Tints,Light Drop Shadows,Mobile Ready (@media),A11y Warning,D3.js Visualization,Course Widgets/Finance/11_quiz_financial_statements.html
Finance,12_quiz_financial_ratios.html,Inter,Pastel Tints,Light Drop Shadows,Mobile Ready (@media),A11y Warning,D3.js Visualization,Course Widgets/Finance/12_quiz_financial_ratios.html
Finance,13_quiz_roe_decomposition.html,Inter,Pastel Tints,Light Drop Shadows,Mobile Ready (@media),A11y Warning,D3.js Visualization,Course Widgets/Finance/13_quiz_roe_decomposition.html
Finance,14_quiz_working_capital.html,Inter,Pastel Tints,Light Drop Shadows,Mobile Ready (@media),A11y Warning,D3.js Visualization,Course Widgets/Finance/14_quiz_working_capital.html
Finance,20_quiz_tvm_basics.html,Inter,Pastel Tints,Light Drop Shadows,Mobile Ready (@media),A11y Warning,D3.js Visualization,Course Widgets/Finance/20_quiz_tvm_basics.html
Finance,21_quiz_capital_budgeting.html,Inter,Pastel Tints,Light Drop Shadows,Mobile Ready (@media),A11y Warning,D3.js Visualization,Course Widgets/Finance/21_quiz_capital_budgeting.html
Finance,22_quiz_profitability_index.html,Inter,Pastel Tints,Light Drop Shadows,Mobile Ready (@media),A11y Warning,D3.js Visualization,Course Widgets/Finance/22_quiz_profitability_index.html
Finance,23_quiz_valuing_securities.html,Inter,Pastel Tints,Light Drop Shadows,Mobile Ready (@media),A11y Warning,D3.js Visualization,Course Widgets/Finance/23_quiz_valuing_securities.html
Finance,24_quiz_module4_final.html,Inter,Pastel Tints,Light Drop Shadows,Mobile Ready (@media),A11y Warning,D3.js Visualization,Course Widgets/Finance/24_quiz_module4_final.html
Finance,28_quiz_timeline_approach.html,Inter,Pastel Tints,Light Drop Shadows,Mobile Ready (@media),A11y Warning,D3.js Visualization,Course Widgets/Finance/28_quiz_timeline_approach.html
Finance,30_exercise_draw_and_solve.html,Inter,Pastel Tints,Light Drop Shadows,Mobile Ready (@media),A11y Warning,D3.js Visualization,Course Widgets/Finance/30_exercise_draw_and_solve.html
Finance,32_interactive_timeline_approach.html,Inter,Pastel Tints,Light Drop Shadows,Mobile Ready (@media),A11y Warning,D3.js Visualization,Course Widgets/Finance/32_interactive_timeline_approach.html
Finance,34_reflection_module4.html,Inter,Neutral / Minimal,Light Drop Shadows,Mobile Ready (@media),A11y Warning,D3.js Visualization,Course Widgets/Finance/34_reflection_module4.html
Fundamentals of Analytics and Excel,analysis-toolpak-demo.html,Geist,Pastel Tints,Light Drop Shadows,Mobile Ready (@media),A11y Partial (Keyboard only),Vanilla HTML/JS,Course Widgets/Fundamentals of Analytics and Excel/analysis-toolpak-demo.html
Fundamentals of Analytics and Excel,bin-width-explorer.html,Geist,Pastel Tints,Flat (No shadows),Mobile Ready (@media),A11y Partial (Keyboard only),D3.js Visualization,Course Widgets/Fundamentals of Analytics and Excel/bin-width-explorer.html
Fundamentals of Analytics and Excel,data-table-demo.html,Geist,Pastel Tints,Light Drop Shadows,Desktop Only (Fixed),A11y Partial (Keyboard only),Vanilla HTML/JS,Course Widgets/Fundamentals of Analytics and Excel/data-table-demo.html
Fundamentals of Analytics and Excel,decision-tree-demo.html,Geist,Pastel Tints,Light Drop Shadows,Mobile Ready (@media),A11y Partial (Keyboard only),Vanilla HTML/JS,Course Widgets/Fundamentals of Analytics and Excel/decision-tree-demo.html
Fundamentals of Analytics and Excel,decision-tree-practice.html,Geist,Neutral / Minimal,Flat (No shadows),Mobile Ready (@media),A11y Partial (Keyboard only),Vanilla HTML/JS,Course Widgets/Fundamentals of Analytics and Excel/decision-tree-practice.html
Fundamentals of Analytics and Excel,ecommerce-pivot-table-simulator.html,Geist,Neutral / Minimal,Heavy Shadows & Gradients,Mobile Ready (@media),A11y Partial (Keyboard only),Vanilla HTML/JS,Course Widgets/Fundamentals of Analytics and Excel/ecommerce-pivot-table-simulator.html
Fundamentals of Analytics and Excel,excel-correl-function-practice.html,Geist,Neutral / Minimal,Flat (No shadows),Mobile Ready (@media),A11y Partial (Keyboard only),Vanilla HTML/JS,Course Widgets/Fundamentals of Analytics and Excel/excel-correl-function-practice.html
Fundamentals of Analytics and Excel,excel-formula-validator.html,Geist,Pastel Tints,Flat (No shadows),Mobile Ready (@media),A11y Partial (Keyboard only),Vanilla HTML/JS,Course Widgets/Fundamentals of Analytics and Excel/excel-formula-validator.html
Fundamentals of Analytics and Excel,excel-sandbox-statistics.html,Geist,Neutral / Minimal,Flat (No shadows),Mobile Ready (@media),A11y Partial (Keyboard only),Vanilla HTML/JS,Course Widgets/Fundamentals of Analytics and Excel/excel-sandbox-statistics.html
Fundamentals of Analytics and Excel,kc-decision-trees-m7.html,Geist,Pastel Tints,Flat (No shadows),Mobile Ready (@media),A11y Partial (Keyboard only),Vanilla HTML/JS,Course Widgets/Fundamentals of Analytics and Excel/kc-decision-trees-m7.html
Fundamentals of Analytics and Excel,kc-iec-data-exploration.html,Geist,Pastel Tints,Flat (No shadows),Mobile Ready (@media),A11y Partial (Keyboard only),Vanilla HTML/JS,Course Widgets/Fundamentals of Analytics and Excel/kc-iec-data-exploration.html
Fundamentals of Analytics and Excel,kc-iec-expected-value-v2.html,Geist,Pastel Tints,Flat (No shadows),Mobile Ready (@media),A11y Partial (Keyboard only),Vanilla HTML/JS,Course Widgets/Fundamentals of Analytics and Excel/kc-iec-expected-value-v2.html
Fundamentals of Analytics and Excel,kc-iec-scenario-analysis.html,Geist,Pastel Tints,Flat (No shadows),Mobile Ready (@media),A11y Partial (Keyboard only),Vanilla HTML/JS,Course Widgets/Fundamentals of Analytics and Excel/kc-iec-scenario-analysis.html
Fundamentals of Analytics and Excel,kc-m2-brent-harbridge-auction.html,Inter,Neutral / Minimal,Heavy Shadows & Gradients,Mobile Ready (@media),A11y Partial (Keyboard only),Vanilla HTML/JS,Course Widgets/Fundamentals of Analytics and Excel/kc-m2-brent-harbridge-auction.html
Fundamentals of Analytics and Excel,kc-m2-iec-revenue.html,Inter,Neutral / Minimal,Heavy Shadows & Gradients,Mobile Ready (@media),A11y Partial (Keyboard only),Vanilla HTML/JS,Course Widgets/Fundamentals of Analytics and Excel/kc-m2-iec-revenue.html
Fundamentals of Analytics and Excel,kc-m3-quadratic-mastery.html,Geist,Neutral / Minimal,Flat (No shadows),Desktop Only (Fixed),A11y Partial (Keyboard only),Vanilla HTML/JS,Course Widgets/Fundamentals of Analytics and Excel/kc-m3-quadratic-mastery.html
Fundamentals of Analytics and Excel,kc-m4-functions-verification.html,Geist,Neutral / Minimal,Flat (No shadows),Desktop Only (Fixed),A11y Partial (Keyboard only),Vanilla HTML/JS,Course Widgets/Fundamentals of Analytics and Excel/kc-m4-functions-verification.html
Fundamentals of Analytics and Excel,kc-m5-bid-ratio-analysis.html,Inter,Neutral / Minimal,Heavy Shadows & Gradients,Mobile Ready (@media),A11y Partial (Keyboard only),Vanilla HTML/JS,Course Widgets/Fundamentals of Analytics and Excel/kc-m5-bid-ratio-analysis.html
Fundamentals of Analytics and Excel,kc-m5-expected-value.html,Inter,Neutral / Minimal,Heavy Shadows & Gradients,Mobile Ready (@media),A11y Partial (Keyboard only),Vanilla HTML/JS,Course Widgets/Fundamentals of Analytics and Excel/kc-m5-expected-value.html
Fundamentals of Analytics and Excel,kc-m5-statistics-mastery.html,Geist,Neutral / Minimal,Flat (No shadows),Desktop Only (Fixed),A11y Partial (Keyboard only),Vanilla HTML/JS,Course Widgets/Fundamentals of Analytics and Excel/kc-m5-statistics-mastery.html
Fundamentals of Analytics and Excel,kc-m6-chace-shipping.html,Inter,Neutral / Minimal,Heavy Shadows & Gradients,Mobile Ready (@media),A11y Partial (Keyboard only),Vanilla HTML/JS,Course Widgets/Fundamentals of Analytics and Excel/kc-m6-chace-shipping.html
Fundamentals of Analytics and Excel,kc-m6-coffee-cafe-pivot.html,Inter,Neutral / Minimal,Heavy Shadows & Gradients,Mobile Ready (@media),A11y Partial (Keyboard only),Vanilla HTML/JS,Course Widgets/Fundamentals of Analytics and Excel/kc-m6-coffee-cafe-pivot.html
Fundamentals of Analytics and Excel,kc-m7-correlation-mastery.html,Geist,Neutral / Minimal,Flat (No shadows),Desktop Only (Fixed),A11y Partial (Keyboard only),Vanilla HTML/JS,Course Widgets/Fundamentals of Analytics and Excel/kc-m7-correlation-mastery.html
Fundamentals of Analytics and Excel,kc-m7-iec-simulation.html,Inter,Neutral / Minimal,Heavy Shadows & Gradients,Mobile Ready (@media),A11y Partial (Keyboard only),Vanilla HTML/JS,Course Widgets/Fundamentals of Analytics and Excel/kc-m7-iec-simulation.html
Fundamentals of Analytics and Excel,kc-module-1.html,Geist,Pastel Tints,Flat (No shadows),Desktop Only (Fixed),A11y Warning,Vanilla HTML/JS,Course Widgets/Fundamentals of Analytics and Excel/kc-module-1.html
Fundamentals of Analytics and Excel,kc-module-2.html,Geist,Pastel Tints,Flat (No shadows),Desktop Only (Fixed),A11y Partial (Keyboard only),Vanilla HTML/JS,Course Widgets/Fundamentals of Analytics and Excel/kc-module-2.html
Fundamentals of Analytics and Excel,kc-module-3.html,Geist,Pastel Tints,Flat (No shadows),Desktop Only (Fixed),A11y Warning,Vanilla HTML/JS,Course Widgets/Fundamentals of Analytics and Excel/kc-module-3.html
Fundamentals of Analytics and Excel,kc-module-4.html,Geist,Pastel Tints,Flat (No shadows),Desktop Only (Fixed),A11y Warning,Vanilla HTML/JS,Course Widgets/Fundamentals of Analytics and Excel/kc-module-4.html
Fundamentals of Analytics and Excel,kc-module-5.html,Geist,Pastel Tints,Flat (No shadows),Desktop Only (Fixed),A11y Warning,Vanilla HTML/JS,Course Widgets/Fundamentals of Analytics and Excel/kc-module-5.html
Fundamentals of Analytics and Excel,kc-module-6.html,Geist,Pastel Tints,Flat (No shadows),Desktop Only (Fixed),A11y Warning,Vanilla HTML/JS,Course Widgets/Fundamentals of Analytics and Excel/kc-module-6.html
Fundamentals of Analytics and Excel,keyboard-shortcuts-practice.html,Inter,Neutral / Minimal,Light Drop Shadows,Mobile Ready (@media),A11y Partial (Keyboard only),Vanilla HTML/JS,Course Widgets/Fundamentals of Analytics and Excel/keyboard-shortcuts-practice.html
Fundamentals of Analytics and Excel,learning-outcomes-module-0.html,Geist,Neutral / Minimal,Heavy Shadows & Gradients,Mobile Ready (@media),A11y Partial (Keyboard only),Vanilla HTML/JS,Course Widgets/Fundamentals of Analytics and Excel/learning-outcomes-module-0.html
Fundamentals of Analytics and Excel,learning-outcomes-module-1.html,Geist,Neutral / Minimal,Light Drop Shadows,Mobile Ready (@media),A11y Partial (Keyboard only),Vanilla HTML/JS,Course Widgets/Fundamentals of Analytics and Excel/learning-outcomes-module-1.html
Fundamentals of Analytics and Excel,learning-outcomes-module-2.html,Geist,Neutral / Minimal,Light Drop Shadows,Mobile Ready (@media),A11y Partial (Keyboard only),Vanilla HTML/JS,Course Widgets/Fundamentals of Analytics and Excel/learning-outcomes-module-2.html
Fundamentals of Analytics and Excel,learning-outcomes-module-3.html,Geist,Neutral / Minimal,Light Drop Shadows,Mobile Ready (@media),A11y Partial (Keyboard only),Vanilla HTML/JS,Course Widgets/Fundamentals of Analytics and Excel/learning-outcomes-module-3.html
Fundamentals of Analytics and Excel,learning-outcomes-module-4.html,Geist,Neutral / Minimal,Light Drop Shadows,Mobile Ready (@media),A11y Partial (Keyboard only),Vanilla HTML/JS,Course Widgets/Fundamentals of Analytics and Excel/learning-outcomes-module-4.html
Fundamentals of Analytics and Excel,learning-outcomes-module-5.html,Geist,Neutral / Minimal,Light Drop Shadows,Mobile Ready (@media),A11y Partial (Keyboard only),Vanilla HTML/JS,Course Widgets/Fundamentals of Analytics and Excel/learning-outcomes-module-5.html
Fundamentals of Analytics and Excel,learning-outcomes-module-6.html,Geist,Neutral / Minimal,Light Drop Shadows,Mobile Ready (@media),A11y Partial (Keyboard only),Vanilla HTML/JS,Course Widgets/Fundamentals of Analytics and Excel/learning-outcomes-module-6.html
Fundamentals of Analytics and Excel,learning-outcomes-module-7.html,Geist,Neutral / Minimal,Light Drop Shadows,Mobile Ready (@media),A11y Partial (Keyboard only),Vanilla HTML/JS,Course Widgets/Fundamentals of Analytics and Excel/learning-outcomes-module-7.html
Fundamentals of Analytics and Excel,learning-outcomes-module-8.html,Geist,Neutral / Minimal,Light Drop Shadows,Mobile Ready (@media),A11y Partial (Keyboard only),Vanilla HTML/JS,Course Widgets/Fundamentals of Analytics and Excel/learning-outcomes-module-8.html
IAIT,week2-module1-s-curve-mapping.html,Geist,Neutral / Minimal,Flat (No shadows),Mobile Ready (@media),A11y Partial (Keyboard only),Vanilla HTML/JS,Course Widgets/IAIT/week2-module1-s-curve-mapping.html
IAIT,week2-module2-ai-impact-diagnostic.html,Geist,Neutral / Minimal,Flat (No shadows),Mobile Ready (@media),A11y Partial (Keyboard only),D3.js Visualization,Course Widgets/IAIT/week2-module2-ai-impact-diagnostic.html
IAIT,week2-module3-strategic-options-assessment.html,Geist,Neutral / Minimal,Flat (No shadows),Mobile Ready (@media),A11y Partial (Keyboard only),Vanilla HTML/JS,Course Widgets/IAIT/week2-module3-strategic-options-assessment.html
IAIT,week2-module3-timing-decision-tree.html,Geist,Neutral / Minimal,Flat (No shadows),Mobile Ready (@media),A11y Partial (Keyboard only),Vanilla HTML/JS,Course Widgets/IAIT/week2-module3-timing-decision-tree.html
IAIT,week5-module1-microsoft-vs-ge.html,Inter,Neutral / Minimal,Flat (No shadows),Mobile Ready (@media),A11y Partial (Keyboard only),Vanilla HTML/JS,Course Widgets/IAIT/week5-module1-microsoft-vs-ge.html
IAIT,week5-module2-stakeholder-coalition-map.html,Inter,Neutral / Minimal,Light Drop Shadows,Mobile Ready (@media),A11y Partial (Keyboard only),Vanilla HTML/JS,Course Widgets/IAIT/week5-module2-stakeholder-coalition-map.html
IAIT,week5-module3-energy-curve.html,Inter,Neutral / Minimal,Flat (No shadows),Mobile Ready (@media),A11y Partial (Keyboard only),Vanilla HTML/JS,Course Widgets/IAIT/week5-module3-energy-curve.html
Managing Innovation,3m-sixsigma-timeline(1).html,System UI,Legacy Ivey Brand,Heavy Shadows & Gradients,Desktop Only (Fixed),A11y Warning,Vanilla HTML/JS,Course Widgets/Managing Innovation/3m-sixsigma-timeline(1).html
Managing Innovation,ambidexterity-types(1).html,Inter,Pastel Tints,Light Drop Shadows,Desktop Only (Fixed),A11y Warning,Vanilla HTML/JS,Course Widgets/Managing Innovation/ambidexterity-types(1).html
Managing Innovation,ambidexterity-types.html,Inter,Pastel Tints,Light Drop Shadows,Desktop Only (Fixed),A11y Warning,Vanilla HTML/JS,Course Widgets/Managing Innovation/ambidexterity-types.html
Managing Innovation,costs-vs-uncertainty(1).html,System UI,Legacy Ivey Brand,Heavy Shadows & Gradients,Desktop Only (Fixed),A11y Warning,Vanilla HTML/JS,Course Widgets/Managing Innovation/costs-vs-uncertainty(1).html
Managing Innovation,costs-vs-uncertainty.html,System UI,Legacy Ivey Brand,Heavy Shadows & Gradients,Desktop Only (Fixed),A11y Warning,Vanilla HTML/JS,Course Widgets/Managing Innovation/costs-vs-uncertainty.html
Managing Innovation,etypes-options.html,System UI,Pastel Tints,Flat (No shadows),Desktop Only (Fixed),A11y Warning,Vanilla HTML/JS,Course Widgets/Managing Innovation/etypes-options.html
Managing Innovation,greenlight-process(1).html,Inter,Legacy Ivey Brand,Heavy Shadows & Gradients,Desktop Only (Fixed),A11y Warning,Vanilla HTML/JS,Course Widgets/Managing Innovation/greenlight-process(1).html
Managing Innovation,greenlight-process.html,Inter,Legacy Ivey Brand,Heavy Shadows & Gradients,Desktop Only (Fixed),A11y Warning,Vanilla HTML/JS,Course Widgets/Managing Innovation/greenlight-process.html
Managing Innovation,jordan-timeline.html,Inter,Legacy Ivey Brand,Heavy Shadows & Gradients,Desktop Only (Fixed),A11y Warning,Vanilla HTML/JS,Course Widgets/Managing Innovation/jordan-timeline.html
Managing Innovation,pareto-distribution.html,System UI,Legacy Ivey Brand,Heavy Shadows & Gradients,Desktop Only (Fixed),A11y Warning,Vanilla HTML/JS,Course Widgets/Managing Innovation/pareto-distribution.html
Managing Innovation,process-vs-innovation.html,System UI,Legacy Ivey Brand,Heavy Shadows & Gradients,Desktop Only (Fixed),A11y Warning,Vanilla HTML/JS,Course Widgets/Managing Innovation/process-vs-innovation.html
Managing Innovation,shape-of-innovation(1).html,System UI,Legacy Ivey Brand,Light Drop Shadows,Desktop Only (Fixed),A11y Warning,Vanilla HTML/JS,Course Widgets/Managing Innovation/shape-of-innovation(1).html
Managing Innovation,three-films-chart.html,Inter,Legacy Ivey Brand,Heavy Shadows & Gradients,Desktop Only (Fixed),A11y Warning,Vanilla HTML/JS,Course Widgets/Managing Innovation/three-films-chart.html
Managing Innovation,user-innovation-chart.html,System UI,Legacy Ivey Brand,Light Drop Shadows,Desktop Only (Fixed),A11y Warning,Vanilla HTML/JS,Course Widgets/Managing Innovation/user-innovation-chart.html
Managing Innovation,vipp-discussion-widget.html,Inter,Legacy Ivey Brand,Heavy Shadows & Gradients,Mobile Ready (@media),A11y Warning,Vanilla HTML/JS,Course Widgets/Managing Innovation/vipp-discussion-widget.html
Strategy,complete-framework-analyzer.html,Geist,Pastel Tints,Flat (No shadows),Mobile Ready (@media),A11y Warning,D3.js Visualization,Course Widgets/Strategy/complete-framework-analyzer.html
Strategy,complete-framework-summary.html,Geist,Pastel Tints,Light Drop Shadows,Mobile Ready (@media),A11y Partial (Keyboard only),D3.js Visualization,Course Widgets/Strategy/complete-framework-summary.html
Strategy,correlation-vs-causation-detective.html,Geist,Pastel Tints,Flat (No shadows),Mobile Ready (@media),A11y Warning,D3.js Visualization,Course Widgets/Strategy/correlation-vs-causation-detective.html
Strategy,course-roadmap.html,Geist,Pastel Tints,Light Drop Shadows,Mobile Ready (@media),A11y Partial (Keyboard only),D3.js Visualization,Course Widgets/Strategy/course-roadmap.html
Strategy,differentiation-analyzer.html,Geist,Pastel Tints,Flat (No shadows),Mobile Ready (@media),A11y Warning,D3.js Visualization,Course Widgets/Strategy/differentiation-analyzer.html
Strategy,five-forces-analyzer.html,Geist,Pastel Tints,Flat (No shadows),Mobile Ready (@media),A11y Partial (Keyboard only),D3.js Visualization,Course Widgets/Strategy/five-forces-analyzer.html
Strategy,five-forces-identifier.html,Geist,Pastel Tints,Light Drop Shadows,Mobile Ready (@media),A11y Warning,D3.js Visualization,Course Widgets/Strategy/five-forces-identifier.html
Strategy,goal-reality-check.html,Geist,Pastel Tints,Flat (No shadows),Mobile Ready (@media),A11y Warning,D3.js Visualization,Course Widgets/Strategy/goal-reality-check.html
Strategy,index.html,Geist,Pastel Tints,Flat (No shadows),Mobile Ready (@media),A11y Warning,D3.js Visualization,Course Widgets/Strategy/index.html
Strategy,industry-performance-explorer.html,Geist,Pastel Tints,Flat (No shadows),Mobile Ready (@media),A11y Warning,D3.js Visualization,Course Widgets/Strategy/industry-performance-explorer.html
Strategy,industry-position-plotter.html,Geist,Pastel Tints,Flat (No shadows),Mobile Ready (@media),A11y Warning,D3.js Visualization,Course Widgets/Strategy/industry-position-plotter.html
Strategy,industry-structure-deep-dive.html,Geist,Pastel Tints,Flat (No shadows),Mobile Ready (@media),A11y Warning,D3.js Visualization,Course Widgets/Strategy/industry-structure-deep-dive.html
Strategy,jobs-discovery-workshop.html,Geist,Pastel Tints,Flat (No shadows),Mobile Ready (@media),A11y Warning,D3.js Visualization,Course Widgets/Strategy/jobs-discovery-workshop.html
Strategy,jobs-to-be-done.html,Geist,Pastel Tints,Flat (No shadows),Mobile Ready (@media),A11y Partial (Keyboard only),D3.js Visualization,Course Widgets/Strategy/jobs-to-be-done.html
Strategy,jtbd-research-workshop.html,Geist,Pastel Tints,Flat (No shadows),Mobile Ready (@media),A11y Warning,D3.js Visualization,Course Widgets/Strategy/jtbd-research-workshop.html
Strategy,knowledge-check-customer-connection.html,Geist,Pastel Tints,Flat (No shadows),Mobile Ready (@media),A11y Partial (Keyboard only),D3.js Visualization,Course Widgets/Strategy/knowledge-check-customer-connection.html
Strategy,knowledge-check-five-forces-identification.html,Geist,Pastel Tints,Flat (No shadows),Desktop Only (Fixed),A11y Warning,D3.js Visualization,Course Widgets/Strategy/knowledge-check-five-forces-identification.html
Strategy,knowledge-check-frontier-concept.html,Geist,Pastel Tints,Flat (No shadows),Desktop Only (Fixed),A11y Warning,D3.js Visualization,Course Widgets/Strategy/knowledge-check-frontier-concept.html
Strategy,knowledge-check-industry-performance.html,Geist,Pastel Tints,Flat (No shadows),Desktop Only (Fixed),A11y Warning,D3.js Visualization,Course Widgets/Strategy/knowledge-check-industry-performance.html
Strategy,knowledge-check-three-positions.html,Geist,Pastel Tints,Flat (No shadows),Desktop Only (Fixed),A11y Warning,D3.js Visualization,Course Widgets/Strategy/knowledge-check-three-positions.html
Strategy,learning-outcomes-map.html,Geist,Neutral / Minimal,Heavy Shadows & Gradients,Mobile Ready (@media),A11y Partial (Keyboard only),Vanilla HTML/JS,Course Widgets/Strategy/learning-outcomes-map.html
Strategy,learning-outcomes-module-1.html,Geist,Pastel Tints,Light Drop Shadows,Mobile Ready (@media),A11y Partial (Keyboard only),D3.js Visualization,Course Widgets/Strategy/learning-outcomes-module-1.html
Strategy,learning-outcomes-module-10.html,Geist,Pastel Tints,Light Drop Shadows,Mobile Ready (@media),A11y Partial (Keyboard only),D3.js Visualization,Course Widgets/Strategy/learning-outcomes-module-10.html
Strategy,learning-outcomes-module-2.html,Geist,Pastel Tints,Light Drop Shadows,Mobile Ready (@media),A11y Partial (Keyboard only),D3.js Visualization,Course Widgets/Strategy/learning-outcomes-module-2.html
Strategy,learning-outcomes-module-3.html,Geist,Pastel Tints,Light Drop Shadows,Mobile Ready (@media),A11y Partial (Keyboard only),D3.js Visualization,Course Widgets/Strategy/learning-outcomes-module-3.html
Strategy,learning-outcomes-module-4.html,Geist,Pastel Tints,Light Drop Shadows,Mobile Ready (@media),A11y Partial (Keyboard only),D3.js Visualization,Course Widgets/Strategy/learning-outcomes-module-4.html
Strategy,learning-outcomes-module-5.html,Geist,Pastel Tints,Light Drop Shadows,Mobile Ready (@media),A11y Partial (Keyboard only),D3.js Visualization,Course Widgets/Strategy/learning-outcomes-module-5.html
Strategy,learning-outcomes-module-6.html,Geist,Pastel Tints,Light Drop Shadows,Mobile Ready (@media),A11y Partial (Keyboard only),D3.js Visualization,Course Widgets/Strategy/learning-outcomes-module-6.html
Strategy,learning-outcomes-module-7.html,Geist,Pastel Tints,Light Drop Shadows,Mobile Ready (@media),A11y Partial (Keyboard only),D3.js Visualization,Course Widgets/Strategy/learning-outcomes-module-7.html
Strategy,learning-outcomes-module-8.html,Geist,Pastel Tints,Light Drop Shadows,Mobile Ready (@media),A11y Partial (Keyboard only),D3.js Visualization,Course Widgets/Strategy/learning-outcomes-module-8.html
Strategy,learning-outcomes-module-9.html,Geist,Pastel Tints,Light Drop Shadows,Mobile Ready (@media),A11y Partial (Keyboard only),D3.js Visualization,Course Widgets/Strategy/learning-outcomes-module-9.html
Strategy,mid-market-squeeze.html,Geist,Neutral / Minimal,Flat (No shadows),Mobile Ready (@media),A11y Partial (Keyboard only),Vanilla HTML/JS,Course Widgets/Strategy/mid-market-squeeze.html
Strategy,part-2-knowledge-check.html,Geist,Pastel Tints,Flat (No shadows),Mobile Ready (@media),A11y Warning,D3.js Visualization,Course Widgets/Strategy/part-2-knowledge-check.html
Strategy,part-3-knowledge-check.html,Geist,Pastel Tints,Flat (No shadows),Mobile Ready (@media),A11y Warning,D3.js Visualization,Course Widgets/Strategy/part-3-knowledge-check.html
Strategy,performance-dimensions-explorer.html,Geist,Pastel Tints,Flat (No shadows),Mobile Ready (@media),A11y Partial (Keyboard only),D3.js Visualization,Course Widgets/Strategy/performance-dimensions-explorer.html
Strategy,position-metrics.html,Geist,Pastel Tints,Light Drop Shadows,Mobile Ready (@media),A11y Partial (Keyboard only),D3.js Visualization,Course Widgets/Strategy/position-metrics.html
Strategy,position-risk-return-calculator.html,Geist,Pastel Tints,Light Drop Shadows,Mobile Ready (@media),A11y Warning,D3.js Visualization,Course Widgets/Strategy/position-risk-return-calculator.html
Strategy,productivity-frontier.html,Geist,Pastel Tints,Flat (No shadows),Mobile Ready (@media),A11y Partial (Keyboard only),D3.js Visualization,Course Widgets/Strategy/productivity-frontier.html
Strategy,profitability-driver-analyzer.html,Geist,Pastel Tints,Flat (No shadows),Mobile Ready (@media),A11y Warning,D3.js Visualization,Course Widgets/Strategy/profitability-driver-analyzer.html
Strategy,real-company-position-analyzer.html,Geist,Pastel Tints,Light Drop Shadows,Mobile Ready (@media),A11y Warning,D3.js Visualization,Course Widgets/Strategy/real-company-position-analyzer.html
Strategy,revenue-vs-cost-distribution.html,Geist,Pastel Tints,Flat (No shadows),Mobile Ready (@media),A11y Partial (Keyboard only),D3.js Visualization,Course Widgets/Strategy/revenue-vs-cost-distribution.html
Strategy,rivalry-dimensions.html,Geist,Pastel Tints,Light Drop Shadows,Mobile Ready (@media),A11y Partial (Keyboard only),D3.js Visualization,Course Widgets/Strategy/rivalry-dimensions.html
Strategy,roa-decomposition-chart.html,Geist,Pastel Tints,Flat (No shadows),Mobile Ready (@media),A11y Partial (Keyboard only),D3.js Visualization,Course Widgets/Strategy/roa-decomposition-chart.html
Strategy,southwest-airlines-timeline.html,Geist,Pastel Tints,Light Drop Shadows,Mobile Ready (@media),A11y Partial (Keyboard only),D3.js Visualization,Course Widgets/Strategy/southwest-airlines-timeline.html
Strategy,strategic-decision-analyzer.html,Geist,Pastel Tints,Flat (No shadows),Mobile Ready (@media),A11y Warning,D3.js Visualization,Course Widgets/Strategy/strategic-decision-analyzer.html
Strategy,strategic-position-matcher.html,Geist,Pastel Tints,Flat (No shadows),Mobile Ready (@media),A11y Partial (Keyboard only),Vanilla HTML/JS,Course Widgets/Strategy/strategic-position-matcher.html
Strategy,strategic-positioning-integrator.html,Geist,Pastel Tints,Light Drop Shadows,Mobile Ready (@media),A11y Warning,D3.js Visualization,Course Widgets/Strategy/strategic-positioning-integrator.html
Strategy,strategy-concept-map.html,Geist,Neutral / Minimal,Flat (No shadows),Mobile Ready (@media),A11y Partial (Keyboard only),D3.js Visualization,Course Widgets/Strategy/strategy-concept-map.html
Strategy,substitutes-framework.html,Geist,Pastel Tints,Light Drop Shadows,Mobile Ready (@media),A11y Partial (Keyboard only),D3.js Visualization,Course Widgets/Strategy/substitutes-framework.html
Strategy,value-chain-analyzer.html,Geist,Pastel Tints,Flat (No shadows),Mobile Ready (@media),A11y Partial (Keyboard only),D3.js Visualization,Course Widgets/Strategy/value-chain-analyzer.html
Strategy,value-creation-analyzer.html,Geist,Pastel Tints,Flat (No shadows),Mobile Ready (@media),A11y Warning,D3.js Visualization,Course Widgets/Strategy/value-creation-analyzer.html
Strategy,value-creation-matrix.html,Geist,Neutral / Minimal,Flat (No shadows),Mobile Ready (@media),A11y Warning,D3.js Visualization,Course Widgets/Strategy/value-creation-matrix.html
Strategy,vertical-structure-diagram.html,Geist,Pastel Tints,Flat (No shadows),Mobile Ready (@media),A11y Partial (Keyboard only),D3.js Visualization,Course Widgets/Strategy/vertical-structure-diagram.html
Strategy,wrigley-weis-comic.html,Geist,Neutral / Minimal,Heavy Shadows & Gradients,Mobile Ready (@media),A11y Warning,Vanilla HTML/JS,Course Widgets/Strategy/wrigley-weis-comic.html
